id,first_name,last_name,gender,date_of_birth,email,country_of_birth,id,make,model,price
2,Joella,Le Hucquet,Female,2022-12-16,jlehucquet1@spiegel.de,Philippines,2,Bentley,Brooklands,98237.39
3,Irina,Kayser,Female,2023-09-09,ikayser2@mac.com,China,3,BMW,M6,235888.64
4,Westbrooke,Ivanichev,Male,2023-02-26,,Colombia,4,Porsche,944,204289.67
5,Ranee,Tuckett,Female,2023-03-14,rtuckett4@networkadvertising.org,Philippines,5,Chrysler,Town & Country,91877.97
6,Leigha,MacDavitt,Female,2023-10-14,,Indonesia,6,Cadillac,Fleetwood,190007.05
7,Lars,Napoleon,Male,2023-03-11,,Russia,7,Lexus,SC,103267.24
8,Eadie,Genery,Female,2022-11-27,egenery7@epa.gov,China,8,GMC,Suburban 2500,84615.78
9,Kathy,Brewster,Female,2023-03-07,,Poland,9,Mercury,Mountaineer,227273.11
10,Derk,Troker,Male,2023-10-18,dtroker9@nsw.gov.au,Bulgaria,10,Porsche,928,167586.94
11,Xavier,Baigent,Male,2023-01-25,xbaigenta@timesonline.co.uk,Philippines,11,Infiniti,QX56,249539.44
12,Rubin,Rathbone,Male,2023-01-31,rrathboneb@whitehouse.gov,China,12,Spyker,C8,200922.92
13,Chery,Reisen,Female,2023-01-12,creisenc@netlog.com,Colombia,13,Mercedes-Benz,R-Class,299313.30
14,Karlan,Plank,Male,2023-01-25,kplankd@google.com.au,China,14,GMC,Yukon,237408.01
15,Elora,Kitchin,Female,2023-04-09,ekitchine@google.ca,Luxembourg,15,BMW,3 Series,98311.89
16,Cori,Turrell,Male,2023-07-07,cturrellf@earthlink.net,Nicaragua,16,Jeep,Grand Cherokee,190607.04
17,Hermy,Matelyunas,Male,2023-09-01,hmatelyunasg@opensource.org,China,17,Toyota,Land Cruiser,289161.30
19,Noni,Cello,Female,2022-12-24,,Peru,19,Subaru,Justy,120697.32
20,Vevay,Eisikowitch,Female,2023-10-19,veisikowitchj@tinypic.com,Portugal,20,Mercedes-Benz,CLK-Class,253981.56
21,Poppy,Joubert,Female,2022-12-13,pjoubertk@wordpress.com,Sweden,21,Mercury,Tracer,107858.56
22,Gawen,Tapley,Male,2023-06-17,,Peru,22,Chevrolet,Blazer,33078.27
23,Bridie,Golborne,Female,2023-01-06,bgolbornem@privacy.gov.au,Norway,23,Mazda,B-Series Plus,98852.04
24,Caleb,Flory,Male,2023-02-16,cfloryn@flavors.me,Indonesia,24,Dodge,Avenger,273193.13
25,Pinchas,Lorans,Male,2023-06-02,ploranso@senate.gov,China,25,Subaru,SVX,246018.97
26,Wilton,Caban,Male,2022-12-31,,Russia,26,Mitsubishi,Mighty Max,201989.94
28,Noelle,Burborough,Female,2023-08-13,,Netherlands,28,BMW,600,29338.84
29,Florida,Loakes,Female,2023-02-04,floakess@g.co,Indonesia,29,Cadillac,Seville,95070.91
30,Cosimo,McCarlie,Male,2023-09-08,cmccarliet@odnoklassniki.ru,Portugal,30,Mitsubishi,Mirage,81090.52
31,Bernhard,Eagan,Male,2023-02-12,beaganu@slashdot.org,South Korea,31,Jaguar,XK Series,243367.65
32,Chrissie,Smalles,Male,2023-07-12,csmallesv@xing.com,China,32,Volkswagen,Golf,225626.51
33,Kahlil,Guichard,Male,2023-02-01,,Philippines,33,Land Rover,Defender 90,266212.05
34,Nanine,Brammer,Female,2022-12-29,nbrammerx@reuters.com,China,34,Dodge,Ram 2500,16302.26
35,Lewiss,Normanville,Male,2023-03-05,lnormanvilley@networksolutions.com,China,35,Chevrolet,Lumina,199829.83
37,Tani,Slatter,Female,2023-04-06,tslatter10@chicagotribune.com,China,37,Mazda,929,291295.03
38,Meade,Birdall,Female,2023-07-14,,Sweden,38,Bentley,Azure,74437.44
39,Koenraad,Van Leeuwen,Male,2023-05-07,kvanleeuwen12@marketwatch.com,Lithuania,39,Mitsubishi,Challenger,31025.56
40,Arnaldo,Petschelt,Male,2023-05-28,,Indonesia,40,Mercedes-Benz,SL65 AMG,72321.01
41,Pia,Brewers,Female,2023-04-15,pbrewers14@comcast.net,Russia,41,Buick,Electra,121390.44
42,Nels,MacFadzan,Male,2023-08-04,,Bahamas,42,Volkswagen,Touareg,115284.02
43,Bert,Clapison,Male,2023-02-25,bclapison16@diigo.com,Vietnam,43,BMW,M6,228107.44
45,Parnell,Pilling,Male,2023-03-22,,Venezuela,45,Maserati,GranSport,281628.05
46,Pietro,Harborow,Male,2023-03-30,,Ukraine,46,Chevrolet,Suburban 1500,149947.04
47,Charmain,Cannings,Female,2022-12-01,ccannings1a@uol.com.br,Greece,47,Dodge,Stratus,30349.41
48,King,Arlott,Male,2023-05-22,karlott1b@fda.gov,Canada,48,Bentley,Continental,137227.40
49,Manoj,Kumar BH,Male,2022-12-23,kumar.manojbh@yahoo.com,Macedonia,49,Mercedes-Benz,CL-Class,118244.55
50,Margaret,MacGarvey,Female,2023-04-25,,Russia,50,Acura,TSX,278441.41
51,Kaja,Norvill,Female,2023-04-25,knorvill1e@prnewswire.com,Indonesia,51,Mercury,Sable,24862.17
52,Bliss,Dyter,Female,2023-10-24,,Spain,52,Volvo,S70,194058.60
53,Adriane,Sannes,Female,2023-10-26,asannes1g@shop-pro.jp,Nepal,53,Volkswagen,GTI,138749.67
54,Orly,Keeton,Female,2023-08-20,okeeton1h@opensource.org,Indonesia,54,Ford,Escape,19991.80
55,Humfried,Prosek,Male,2023-08-19,hprosek1i@ebay.com,Estonia,55,Toyota,Corolla,132467.09
56,Vernen,Skyppe,Male,2022-12-22,,Madagascar,56,GMC,Sierra 1500,28832.63
57,Wally,Layton,Male,2023-08-21,wlayton1k@cisco.com,United States,57,Mazda,MX-5,295741.84
58,Jacquetta,Faircliffe,Female,2023-10-27,jfaircliffe1l@eventbrite.com,Honduras,58,Isuzu,i-370,190548.50
59,Gannon,Fullicks,Male,2023-06-27,gfullicks1m@smugmug.com,Ukraine,59,Lexus,RX,40949.49
60,Vanya,Prior,Male,2023-09-11,,Mozambique,60,Pontiac,Sunfire,10997.28
61,Alena,Nutter,Female,2023-05-17,,Croatia,61,Saturn,Astra,31450.72
62,Gaylene,Spenceley,Female,2022-11-16,gspenceley1p@shop-pro.jp,Mongolia,62,Maybach,57,96522.53
63,Gordie,Lindenblatt,Male,2023-03-10,glindenblatt1q@nih.gov,Indonesia,63,Dodge,Ram Van B250,279779.42
64,Reginauld,Milan,Male,2023-10-15,,Indonesia,64,GMC,Envoy,35903.94
66,Filberte,Burness,Male,2023-02-08,fburness1t@springer.com,Philippines,66,Subaru,Legacy,138436.34
68,Malachi,Channon,Male,2023-04-26,mchannon1v@wisc.edu,Brazil,68,Ford,Tempo,248084.02
69,Salomon,Annett,Male,2023-05-17,,Argentina,69,Lincoln,Continental,33946.95
70,Evangeline,Shrubsall,Female,2023-09-12,,Indonesia,70,Ford,Escort,14020.67
71,Hubey,Attersoll,Male,2023-01-02,hattersoll1y@slashdot.org,Brazil,71,BMW,5 Series,166478.40
72,Red,Heasley,Male,2022-12-20,rheasley1z@nature.com,Belarus,72,Lincoln,Town Car,223688.05
73,Muriel,Greensitt,Female,2023-10-21,mgreensitt20@bigcartel.com,China,73,Infiniti,I,43260.17
74,Dosi,Sail,Female,2023-04-26,dsail21@kickstarter.com,China,74,Kia,Rio,276296.72
75,Eddy,Tuvey,Female,2023-08-22,etuvey22@tuttocitta.it,Indonesia,75,Pontiac,G6,56580.65
76,Kiersten,Swindley,Female,2022-11-28,kswindley23@adobe.com,China,76,Dodge,Spirit,246099.51
77,Emelyne,McMurty,Female,2022-11-15,emcmurty24@ezinearticles.com,Brazil,77,GMC,Rally Wagon G3500,140471.90
78,Burt,Hurtado,Male,2023-08-25,bhurtado25@prlog.org,France,78,Dodge,Ram 1500 Club,278945.32
79,Sayers,Fassman,Male,2023-06-02,,China,79,Oldsmobile,Ciera,190956.52
80,Odell,Duffitt,Male,2023-03-14,oduffitt27@qq.com,Brazil,80,Hyundai,Elantra,157060.09
81,Hobie,Crich,Male,2023-01-12,hcrich28@wikia.com,Brazil,81,Pontiac,Firefly,243234.43
82,Dollie,Vest,Female,2023-05-17,dvest29@nasa.gov,Poland,82,Mazda,Tribute,72163.97
83,Kilian,Lyne,Male,2023-07-29,,Comoros,83,Mercedes-Benz,GLK-Class,284016.02
85,Jacky,Dignall,Female,2023-10-21,,China,85,BMW,7 Series,86593.40
86,Tiffy,Storrie,Female,2023-08-21,tstorrie2d@bluehost.com,Czech Republic,86,Jaguar,S-Type,198670.47
87,Edgardo,Bumpus,Male,2023-07-06,ebumpus2e@mozilla.com,Indonesia,87,Land Rover,Range Rover,219593.38
88,Cynthia,Marjanovic,Female,2023-01-13,cmarjanovic2f@marriott.com,China,88,Peugeot,207,94540.42
89,Pamella,Bellanger,Female,2022-11-29,pbellanger2g@imgur.com,Costa Rica,89,Fiat,Nuova 500,192149.64
90,Doreen,Kohn,Female,2022-11-18,dkohn2h@wikimedia.org,Philippines,90,Maserati,Spyder,63583.20
91,Linda,Revie,Female,2023-07-18,,Peru,91,Honda,Civic,185881.08
93,Kare,Larking,Female,2022-12-05,klarking2k@wordpress.org,Portugal,93,Honda,S2000,297343.31
94,Foss,Flux,Male,2023-07-20,fflux2l@craigslist.org,Brazil,94,Mitsubishi,i-MiEV,143167.05
95,Yulma,Rontree,Male,2023-09-29,yrontree2m@tuttocitta.it,Sweden,95,Mercedes-Benz,W201,196525.10
96,Jamison,Farlam,Male,2023-06-22,jfarlam2n@army.mil,Poland,96,Cadillac,Eldorado,66913.87
97,Nathan,Secker,Male,2023-02-02,nsecker2o@cmu.edu,Philippines,97,Jeep,Compass,102381.20
98,Garth,Basey,Male,2023-01-27,,Canada,98,Chevrolet,Suburban 2500,107771.23
100,Royall,Mishaw,Male,2023-04-04,rmishaw2r@gmpg.org,China,100,Saab,9-3,297942.65
101,Martita,Wimms,Female,2023-03-31,mwimms2s@weibo.com,Poland,101,Nissan,Altima,275905.42
102,Purcell,Phillott,Male,2023-08-29,pphillott2t@cbslocal.com,Uruguay,102,Chrysler,Sebring,136068.47
103,Hershel,Ozanne,Male,2023-04-26,hozanne2u@wikia.com,China,103,Mitsubishi,Mirage,70707.32
104,Liana,Shuttle,Female,2022-12-10,,China,104,Dodge,Neon,186856.89
105,Murdock,Chern,Male,2023-05-29,,Bangladesh,105,Mitsubishi,Space,58205.73
106,Elwira,Alyonov,Female,2023-08-21,ealyonov2x@mozilla.org,China,106,Buick,Enclave,34599.03
107,Parker,Draper,Male,2023-09-29,pdraper2y@youku.com,Panama,107,Mitsubishi,Montero,256895.96
108,Doralynne,Sansum,Female,2023-03-17,,Czech Republic,108,Suzuki,SJ 410,289663.72
110,Marcille,Gandrich,Female,2022-11-26,mgandrich31@taobao.com,China,110,Chevrolet,Monte Carlo,95997.38
111,Newton,Kinastan,Male,2023-05-05,,Russia,111,Mercury,Tracer,222523.50
112,Kitty,Pealing,Female,2023-08-26,kpealing33@mit.edu,Japan,112,Land Rover,Range Rover,235381.83
113,Merlina,Pennick,Female,2023-06-21,,Nicaragua,113,Mercedes-Benz,SL65 AMG,113255.14
114,Ericha,Faragher,Female,2022-12-06,efaragher35@qq.com,China,114,Porsche,911,29676.69
115,Charmion,Scaplehorn,Female,2023-06-22,cscaplehorn36@imgur.com,Japan,115,Chevrolet,Corvair,27871.42
116,Kizzee,Landa,Female,2023-03-28,klanda37@live.com,Indonesia,116,Mitsubishi,Eclipse,46721.74
117,Mickey,Sleney,Male,2023-08-17,msleney38@mtv.com,Afghanistan,117,Infiniti,G,74987.23
118,Berkeley,Adao,Male,2022-12-06,,Indonesia,118,Cadillac,Escalade,164616.22
119,Iggie,Hixley,Male,2023-11-05,ihixley3a@columbia.edu,Aland Islands,119,Volkswagen,New Beetle,259023.00
120,Engelbert,Bryers,Male,2023-09-03,ebryers3b@tamu.edu,Bangladesh,120,Chevrolet,Corvette,133911.30
121,Pepi,Redemile,Female,2023-07-19,predemile3c@apache.org,Brazil,121,Chevrolet,Impala,132091.55
122,Del,Grey,Female,2023-01-01,dgrey3d@mozilla.com,Philippines,122,Isuzu,i-290,139341.02
123,Bengt,Lonsdale,Male,2023-01-20,blonsdale3e@spotify.com,Indonesia,123,Maybach,57,74618.87
124,Jared,Devlin,Male,2022-12-18,jdevlin3f@yellowbook.com,France,124,Cadillac,Seville,67865.37
126,Morrie,Massy,Male,2023-07-11,mmassy3h@clickbank.net,Russia,126,Audi,Allroad,70105.80
127,Griffin,Lawlan,Male,2022-11-20,glawlan3i@taobao.com,Greece,127,Toyota,Tacoma,169612.25
128,Ilario,Channon,Male,2023-08-16,ichannon3j@opera.com,Solomon Islands,128,Volvo,V50,143288.80
129,Deny,Swede,Female,2023-01-15,dswede3k@cam.ac.uk,Norway,129,Mitsubishi,Challenger,253648.32
130,Emiline,Thomke,Female,2022-12-22,ethomke3l@usda.gov,Indonesia,130,Porsche,911,32481.77
131,Yanaton,Jeayes,Male,2022-11-23,yjeayes3m@opera.com,Indonesia,131,Mazda,323,195732.03
132,Gonzalo,Allon,Male,2022-12-07,gallon3n@feedburner.com,China,132,Dodge,Dynasty,287814.56
133,Pedro,Kaesmakers,Male,2023-10-03,,Indonesia,133,Honda,Insight,182855.13
134,Sherlock,Martygin,Male,2023-07-29,smartygin3p@fda.gov,Indonesia,134,Porsche,911,295854.26
135,Emelyne,Manwaring,Female,2023-05-08,emanwaring3q@ow.ly,China,135,Chevrolet,Express 3500,84565.33
136,Virgie,Blaisdell,Male,2023-10-12,,Serbia,136,BMW,X5,137214.77
137,Dukie,Walenta,Male,2023-10-24,,China,137,Volkswagen,Cabriolet,179064.19
139,Ashlan,Pentercost,Female,2023-04-14,,France,139,Mitsubishi,Galant,89201.73
140,Keely,Noke,Female,2023-10-24,knoke3v@bing.com,China,140,Audi,RS 4,69321.24
141,Ferguson,Clyburn,Male,2023-09-03,fclyburn3w@blogtalkradio.com,Portugal,141,Toyota,RAV4,70571.81
142,Yulma,Duffan,Male,2023-01-18,yduffan3x@studiopress.com,China,142,Dodge,Ram Wagon B150,183068.28
143,Maggee,Ion,Female,2023-10-03,,China,143,Pontiac,Safari,96853.87
144,Roxy,Swanger,Female,2023-01-06,rswanger3z@wikispaces.com,Brazil,144,Chevrolet,TrailBlazer,14933.55
145,Angel,Goforth,Female,2023-10-19,,Azerbaijan,145,Ford,Thunderbird,142426.35
146,Durante,Abramchik,Male,2023-01-24,dabramchik41@toplist.cz,Philippines,146,Scion,tC,82544.96
147,Baillie,Cabrer,Male,2023-10-05,bcabrer42@nps.gov,Lithuania,147,Infiniti,G,291707.74
148,Clarita,Kovacs,Female,2022-11-29,,Morocco,148,Land Rover,LR2,162221.89
149,Jasmin,Bratty,Female,2023-02-09,,China,149,Nissan,Murano,272904.39
150,Manoj Jagan Reddy,Kumar Bhimavarapu,Male,2023-03-05,mlowten45@dell.com,Egypt,150,Chevrolet,Express 2500,84835.86
151,Bellanca,Sybbe,Female,2023-01-09,bsybbe46@gravatar.com,Serbia,151,Ford,Focus,250775.02
152,Olag,Farndale,Male,2023-11-02,ofarndale47@free.fr,China,152,Chevrolet,Tracker,18950.20
153,Leandra,Callaway,Female,2022-12-05,lcallaway48@moonfruit.com,Costa Rica,153,Maybach,62,93584.82
154,Berkley,Cloute,Male,2023-08-16,,China,154,Ferrari,612 Scaglietti,100679.26
155,Silvie,Russell,Female,2023-05-04,srussell4a@nyu.edu,Slovenia,155,Dodge,Ram 2500,228151.64
156,Manny,Monday,Male,2023-06-17,mmonday4b@goo.ne.jp,France,156,Nissan,Quest,74154.55
157,Jayne,Matula,Female,2023-07-04,jmatula4c@wix.com,Ukraine,157,Ford,F-Series,298521.67
158,Markos,Jesper,Male,2023-04-07,mjesper4d@yolasite.com,Nigeria,158,Suzuki,Esteem,52234.15
159,Kati,Beeby,Female,2023-04-10,kbeeby4e@odnoklassniki.ru,Indonesia,159,Chevrolet,Express 2500,109725.85
160,Kaiser,Osichev,Male,2023-01-24,kosichev4f@alexa.com,Philippines,160,Nissan,Cube,290956.75
161,Edmon,Maclean,Male,2023-09-01,emaclean4g@cloudflare.com,France,161,Ford,Country,183119.43
162,Cherie,Stebbins,Female,2023-08-17,cstebbins4h@google.com.hk,Czech Republic,162,Chrysler,Pacifica,104500.32
163,Gardy,Bedson,Male,2023-10-11,,China,163,Ford,Escort,127288.14
164,Gerick,Marczyk,Male,2023-05-03,gmarczyk4j@bbb.org,Indonesia,164,Dodge,Grand Caravan,126828.90
165,Jayme,McSperrin,Male,2023-02-02,jmcsperrin4k@tumblr.com,Indonesia,165,Lamborghini,Gallardo,31443.51
167,Lucilia,Schutte,Female,2023-03-16,lschutte4m@umn.edu,China,167,Nissan,Xterra,222797.64
168,Rosella,Camelli,Female,2023-01-22,,Venezuela,168,Oldsmobile,Bravada,150750.07
169,Jasmine,Battershall,Female,2023-04-14,jbattershall4o@dailymotion.com,Philippines,169,Pontiac,Grand Am,101975.88
170,Cthrine,Puttrell,Female,2023-01-06,cputtrell4p@posterous.com,Brazil,170,Mercury,Mountaineer,284740.94
171,Abran,Loveless,Male,2023-05-25,,China,171,Lotus,Esprit,235806.15
173,Donnajean,Hamlen,Female,2023-06-29,dhamlen4s@bluehost.com,France,173,GMC,Sierra 2500,221503.75
174,Meriel,Lovel,Female,2023-03-02,,Russia,174,Honda,Element,252248.85
175,Humphrey,Petz,Male,2022-12-25,,China,175,Hyundai,Accent,192908.06
176,Adolf,Spall,Male,2023-10-14,,Thailand,176,Chrysler,Imperial,186157.28
177,Gaston,Shutte,Male,2023-04-27,gshutte4w@flavors.me,Poland,177,Honda,Odyssey,221440.31
178,Abey,Brailsford,Male,2023-04-20,abrailsford4x@yahoo.com,Portugal,178,Mercury,Monterey,95340.88
179,Roberto,Benjamin,Male,2023-04-20,rbenjamin4y@nyu.edu,Russia,179,Suzuki,Verona,83236.74
180,Renato,Paintain,Male,2023-04-27,rpaintain4z@etsy.com,Armenia,180,Pontiac,Grand Am,291279.43
181,Wildon,Spraggs,Male,2023-09-29,wspraggs50@msu.edu,Portugal,181,Mitsubishi,Endeavor,163741.08
182,Hadlee,Humphris,Male,2023-04-30,hhumphris51@cocolog-nifty.com,Nicaragua,182,Lincoln,Town Car,288404.45
183,Vinson,McMichell,Male,2023-05-11,vmcmichell52@mozilla.org,China,183,Honda,Odyssey,175223.93
184,Emlen,Tasch,Male,2022-11-17,etasch53@mysql.com,Japan,184,Mazda,Tribute,200487.61
185,Olly,Feldmesser,Female,2023-07-23,ofeldmesser54@addthis.com,Philippines,185,Toyota,Sienna,86842.17
186,Berrie,Corde,Female,2022-12-15,bcorde55@dmoz.org,Uganda,186,GMC,Savana,25406.82
187,Marja,Matussow,Female,2023-04-08,,Brazil,187,Land Rover,Discovery,77807.37
188,Therine,Bonhill,Female,2023-04-03,tbonhill57@yahoo.co.jp,Bulgaria,188,Mazda,Miata MX-5,233206.03
189,Marijn,McAdam,Male,2023-11-06,,Peru,189,Audi,A4,11233.39
190,Brod,Diffley,Male,2023-10-24,,Colombia,190,Volvo,960,239750.43
191,Felix,Clacson,Male,2023-01-08,fclacson5a@whitehouse.gov,Russia,191,Honda,Accord,23882.53
192,Tudor,Guislin,Male,2022-12-24,,China,192,Mazda,Tribute,224628.01
193,Rolfe,Wicklen,Male,2022-11-09,rwicklen5c@issuu.com,China,193,Lamborghini,Diablo,197118.54
194,Janina,Langwade,Female,2023-04-03,jlangwade5d@surveymonkey.com,Indonesia,194,Chevrolet,Tahoe,295950.15
195,Christine,Suttie,Female,2023-01-19,csuttie5e@wufoo.com,Brazil,195,Nissan,350Z,284000.33
196,Carly,MacKartan,Male,2023-02-09,cmackartan5f@storify.com,Japan,196,Hyundai,Sonata,194772.43
197,Reid,Michelet,Male,2023-08-28,rmichelet5g@columbia.edu,Ethiopia,197,Mitsubishi,Eclipse,198397.60
199,Reinald,Crilley,Male,2023-05-13,rcrilley5i@mapquest.com,China,199,Kia,Rondo,37568.96
200,Vivianne,McReath,Female,2023-09-20,,Grenada,200,Chevrolet,Astro,270721.55
212,Vivianne,McReath,Female,2023-09-20,mcreath.vivianne@nhs.uk.gov,India,212,GMC,Sonoma Club Coupe,65687.69
